<?xml version="1.0" encoding="ISO-8859-1"?>
<!--
  User Input specification for FitNesse installer.
-->
<userInput>
  <panel order="0">
    <createForPack name="Windows Service"/>
    <field type="title" txt="Service Startup Options" bold="true" id="title"/>
    <field type="rule" variable="PORT">
      <description align="left" txt="Enter the port for FitNesse to run on" id="port"/>
      <spec txt="FitNesse Port" layout="N:5:5" set="0:80"/>
      <validator class="com.izforge.izpack.util.NotEmptyValidator"
                 txt="Must supply a port number"/>
    </field>
    <field type="rule" variable="EXPIRATION">
      <description align="left" txt="Number of days until a page revision expires" id="expiration"/>
      <spec txt="Expiration" layout="N:5:5" set="0:14"/>
      <validator class="com.izforge.izpack.util.NotEmptyValidator"
                 txt="Must supply a valid expiration time"/>
    </field>
    <field type="check" variable="OMIT_UPDATES">
      <description txt="Property updates allow newer versions of FitNesse to update property files automatically when dropped in" id="omit"/>
      <spec txt="Allow Property Updates?" id="omit.label" true="" false="-o" set="true"/>
    </field>
  </panel>  

  <panel order="1">
    <createForPack name="Windows Service"/>
    <field type="title" txt="Note - Windows Service" bold="true" id="title"/>
    <field type="staticText" txt="The FitNesse Service has been installed, but not started.  Please visit the Services Control Panel to start it."
           id="service.text"/>
  </panel>
</userInput>
